<hibernate-configuration>
    <session-factory><!-- Database connection settings -->
        <property name="connection.driver_class">org.postgresql.Driver</property>
        <property name="connection.url">jdbc:postgresql://localhost:5432/postgres</property>
        <property name="connection.username">postgres</property>
        <property name="connection.password"/><!-- JDBC connection pool (use the built-in) -->
        <!--<property name="connection.pool_size">5</property>&lt;!&ndash; SQL dialect &ndash;&gt;-->
        <property name="dialect">org.hibernate.dialect.PostgreSQLDialect</property>

        <!-- Enable Hibernate's automatic session context management-->
        <property name="current_session_context_class">thread</property><!-- Disable the second-level cache  -->
        <!--<property name="cache.provider_class">org.hibernate.cache.NoCacheProvider</property>&lt;!&ndash; Echo all executed SQL to stdout &ndash;&gt;-->
        <property name="show_sql">true</property><!-- Drop and re-create the database schema on startup
    --><property name="hbm2ddl.auto">update</property>
        <property name="format_sql">true</property>

        <mapping class="entity.Adresse"/>
        <mapping class="entity.Ville"/>
        <mapping class="entity.BureauVote"/>
        <mapping class="entity.utils.KeyBureauVote"/>
        <mapping class="entity.Electeur"/>
</session-factory>
</hibernate-configuration>